loan_id;account_id;date_loan;amount_of_loan;duration_of_loan_in_month;payments_per_month;status
5314;1787;05/07/1993;96396;12;8033.0;B
5316;1801;11/07/1993;165960;36;4610.0;A
6863;9188;28/07/1993;127080;60;2118.0;A
5325;1843;03/08/1993;105804;36;2939.0;A
7240;11013;06/09/1993;274740;60;4579.0;A
6687;8261;13/09/1993;87840;24;3660.0;A
7284;11265;15/09/1993;52788;12;4399.0;A
6111;5428;24/09/1993;174744;24;7281.0;B
7235;10973;13/10/1993;154416;48;3217.0;A
5997;4894;04/11/1993;117024;24;4876.0;A
7121;10364;10/11/1993;21924;36;609.0;A
6077;5270;22/11/1993;79608;24;3317.0;A
6228;6034;01/12/1993;464520;60;7742.0;B
6356;6701;08/12/1993;95400;36;2650.0;A
5523;2705;08/12/1993;93888;36;2608.0;A
6456;7123;09/12/1993;47016;12;3918.0;A
7104;10320;13/12/1993;259740;60;4329.0;A
6820;9034;16/12/1993;38148;12;3179.0;A
6876;9236;21/12/1993;86616;12;7218.0;A
7097;10266;23/12/1993;75624;24;3151.0;B
4959;2;05/01/1994;80952;24;3373.0;A
6499;7401;05/01/1994;80952;24;3373.0;A
5479;2486;10/01/1994;24516;12;2043.0;A
5170;1071;20/01/1994;253200;60;4220.0;C
6721;8475;21/01/1994;21072;24;878.0;A
7259;11111;31/01/1994;108144;36;3004.0;A
5285;1603;06/02/1994;78936;12;6578.0;A
5189;1166;07/02/1994;149040;48;3105.0;A
6650;8073;17/02/1994;49320;12;4110.0;B
7226;10940;23/02/1994;197748;36;5493.0;A
6087;5313;27/02/1994;300660;60;5011.0;C
7262;11135;01/03/1994;182628;36;5073.0;A
5519;2694;08/03/1994;91632;12;7636.0;A
6577;7753;11/03/1994;51696;24;2154.0;A
6509;7445;15/03/1994;55368;24;2307.0;A
6520;7485;16/03/1994;91200;24;3800.0;A
6699;8330;30/03/1994;7656;24;319.0;A
6336;6555;31/03/1994;212400;36;5900.0;A
7055;10079;06/04/1994;167100;60;2785.0;C
6103;5385;07/04/1994;149340;60;2489.0;C
6202;5891;18/04/1994;65184;12;5432.0;A
7066;10131;02/05/1994;215388;36;5983.0;B
6696;8321;09/05/1994;89040;60;1484.0;C
6072;5256;10/05/1994;193968;36;5388.0;A
5130;813;11/05/1994;24312;12;2026.0;A
5568;2933;17/05/1994;272520;60;4542.0;C
6678;8173;20/05/1994;80340;12;6695.0;A
6998;9833;21/05/1994;97632;12;8136.0;A
6580;7769;22/05/1994;196080;48;4085.0;A
6316;6473;26/05/1994;76908;12;6409.0;B
6512;7454;26/05/1994;63312;48;1319.0;A
6407;6930;26/05/1994;25944;24;1081.0;A
5002;173;31/05/1994;104808;12;8734.0;A
6647;8051;01/06/1994;208320;48;4340.0;A
7137;10439;03/06/1994;151560;24;6315.0;A
6903;9337;04/06/1994;52128;24;2172.0;A
5918;4576;04/06/1994;300204;36;8339.0;A
6642;8027;05/06/1994;77640;12;6470.0;A
6210;5927;06/06/1994;87216;48;1817.0;B
6279;6273;07/06/1994;87360;24;3640.0;A
7249;11065;12/06/1994;69360;48;1445.0;A
6736;8558;14/06/1994;288360;60;4806.0;C
6112;5442;17/06/1994;174744;24;7281.0;B
5319;1811;23/06/1994;239460;60;3991.0;C
6596;7844;25/06/1994;91584;24;3816.0;A
5837;4260;29/06/1994;244560;60;4076.0;C
5657;3354;05/07/1994;4980;12;415.0;A
5533;2762;05/07/1994;111384;24;4641.0;A
6232;6051;08/07/1994;276660;36;7685.0;B
6888;9265;11/07/1994;39576;12;3298.0;A
6066;5228;11/07/1994;173808;24;7242.0;A
5549;2824;16/07/1994;50460;60;841.0;C
5060;426;19/07/1994;252060;60;4201.0;D
6004;4937;23/07/1994;143904;24;5996.0;A
5126;790;24/07/1994;208128;48;4336.0;B
7220;10911;28/07/1994;131292;36;3647.0;A
6668;8129;30/07/1994;74736;36;2076.0;A
5395;2176;30/07/1994;299088;36;8308.0;B
6836;9093;03/08/1994;189300;60;3155.0;C
6064;5215;04/08/1994;14628;12;1219.0;A
6919;9403;05/08/1994;120888;36;3358.0;A
6841;9104;07/08/1994;172080;48;3585.0;A
6038;5120;10/08/1994;323472;48;6739.0;A
6729;8519;11/08/1994;74688;12;6224.0;A
7198;10788;23/08/1994;45768;12;3814.0;A
6686;8260;25/08/1994;224604;36;6239.0;A
5836;4259;27/08/1994;79632;24;3318.0;A
7061;10105;27/08/1994;121896;24;5079.0;A
5595;3050;02/09/1994;82896;12;6908.0;A
5723;3674;10/09/1994;23628;12;1969.0;A
6120;5481;11/09/1994;209184;48;4358.0;A
6895;9307;19/09/1994;41904;12;3492.0;A
5882;4427;26/09/1994;87816;12;7318.0;A
5754;3834;28/09/1994;23052;12;1921.0;A
6594;7824;28/09/1994;189696;24;7904.0;B
6738;8566;29/09/1994;230220;36;6395.0;B
6624;7965;30/09/1994;71460;12;5955.0;A
6216;5952;30/09/1994;141240;24;5885.0;A
6229;6040;02/10/1994;11736;24;489.0;A
5887;4448;03/10/1994;192744;36;5354.0;A
6808;8982;12/10/1994;227880;36;6330.0;A
6297;6363;25/10/1994;17508;12;1459.0;A
5161;1012;28/10/1994;98184;24;4091.0;A
5390;2167;30/10/1994;170256;24;7094.0;A
6150;5622;02/11/1994;83016;12;6918.0;A
6223;5991;03/11/1994;61056;48;1272.0;A
5032;290;03/11/1994;123696;48;2577.0;A
6253;6148;04/11/1994;59760;24;2490.0;A
6460;7133;06/11/1994;48672;36;1352.0;A
6645;8041;06/11/1994;140400;36;3900.0;A
5176;1106;12/11/1994;192552;24;8023.0;B
5269;1527;19/11/1994;164052;36;4557.0;B
5351;1978;04/12/1994;205200;36;5700.0;A
5861;4337;08/12/1994;51408;24;2142.0;A
5450;2345;11/12/1994;199680;60;3328.0;C
7142;10451;19/12/1994;482940;60;8049.0;D
6306;6425;20/12/1994;36684;12;3057.0;A
6272;6226;20/12/1994;398640;60;6644.0;C
5044;344;21/12/1994;100980;60;1683.0;C
5576;2962;21/12/1994;31248;12;2604.0;A
7192;10738;21/12/1994;115992;36;3222.0;A
5739;3747;02/01/1995;76380;12;6365.0;A
6526;7523;03/01/1995;288468;36;8013.0;A
5624;3166;03/01/1995;177744;48;3703.0;D
6244;6118;08/01/1995;270648;36;7518.0;B
5131;816;08/01/1995;48624;24;2026.0;A
6960;9640;11/01/1995;76416;24;3184.0;A
6358;6715;14/01/1995;137880;60;2298.0;D
5418;2245;16/01/1995;347952;48;7249.0;C
6598;7857;18/01/1995;68112;12;5676.0;A
5464;2419;30/01/1995;95808;12;7984.0;A
6591;7819;02/02/1995;20832;48;434.0;C
5724;3678;05/02/1995;316140;60;5269.0;D
6315;6472;06/02/1995;43164;12;3597.0;A
5876;4413;08/02/1995;221280;48;4610.0;C
6986;9750;11/02/1995;151728;48;3161.0;D
6294;6353;12/02/1995;79920;60;1332.0;C
5132;817;17/02/1995;538500;60;8975.0;C
5877;4414;23/02/1995;97224;24;4051.0;A
6227;6030;04/03/1995;28248;24;1177.0;A
7241;11021;04/03/1995;168984;24;7041.0;B
6737;8564;11/03/1995;76680;24;3195.0;A
7004;9869;15/03/1995;331560;60;5526.0;C
6169;5700;16/03/1995;103680;60;1728.0;D
5208;1247;16/03/1995;99696;48;2077.0;D
6694;8316;19/03/1995;134784;24;5616.0;A
5599;3064;21/03/1995;15420;12;1285.0;A
6546;7607;27/03/1995;31728;24;1322.0;A
5414;2228;29/03/1995;185952;48;3874.0;C
5453;2361;01/04/1995;156672;36;4352.0;A
5740;3752;02/04/1995;18564;12;1547.0;A
5804;4079;05/04/1995;158976;48;3312.0;C
6745;8625;10/04/1995;47304;24;1971.0;A
6950;9591;11/04/1995;104712;24;4363.0;A
6996;9828;13/04/1995;126600;24;5275.0;A
5352;1993;15/04/1995;68400;12;5700.0;B
6151;5628;25/04/1995;225420;60;3757.0;C
5310;1762;28/04/1995;248148;36;6893.0;A
5045;347;01/05/1995;187224;24;7801.0;B
6929;9472;08/05/1995;36396;12;3033.0;A
5151;960;24/05/1995;189060;60;3151.0;C
5212;1256;29/05/1995;71064;36;1974.0;A
5138;854;30/05/1995;87216;48;1817.0;C
5713;3629;30/05/1995;158760;60;2646.0;C
6704;8377;01/06/1995;417060;60;6951.0;C
6474;7190;06/06/1995;63360;60;1056.0;C
6676;8159;13/06/1995;29784;24;1241.0;A
6965;9656;13/06/1995;139536;24;5814.0;A
6725;8489;23/06/1995;265320;36;7370.0;A
7166;10630;24/06/1995;198240;24;8260.0;A
7138;10440;03/07/1995;60000;60;1000.0;C
5970;4774;09/07/1995;465072;48;9689.0;C
6157;5650;10/07/1995;98592;24;4108.0;A
6153;5632;25/07/1995;285600;60;4760.0;C
5693;3489;01/08/1995;44088;24;1837.0;A
5922;4580;05/08/1995;20220;12;1685.0;A
5959;4727;11/08/1995;107640;24;4485.0;A
5980;4825;18/08/1995;21396;12;1783.0;A
6764;8776;26/08/1995;33984;48;708.0;C
5237;1375;29/08/1995;45336;24;1889.0;A
6726;8492;03/09/1995;85860;60;1431.0;C
6933;9493;09/09/1995;188688;48;3931.0;C
5145;915;16/09/1995;309552;48;6449.0;C
7008;9897;22/09/1995;36168;12;3014.0;A
7227;10942;02/10/1995;314520;60;5242.0;C
6600;7861;08/10/1995;21852;36;607.0;A
6712;8405;14/10/1995;266220;60;4437.0;C
7057;10093;20/10/1995;231696;36;6436.0;A
7176;10663;28/10/1995;260028;36;7223.0;A
7304;11349;29/10/1995;419880;60;6998.0;C
6362;6738;31/10/1995;37908;12;3159.0;A
5880;4423;31/10/1995;73836;36;2051.0;A
6535;7546;02/11/1995;41952;12;3496.0;A
5449;2343;04/11/1995;99336;24;4139.0;A
6342;6609;12/11/1995;60156;36;1671.0;B
5409;2218;18/11/1995;182040;60;3034.0;C
6955;9627;22/11/1995;244368;48;5091.0;C
6985;9731;22/11/1995;113796;36;3161.0;A
5125;789;23/11/1995;73056;48;1522.0;C
5805;4081;28/11/1995;137904;24;5746.0;B
6185;5774;28/11/1995;31176;24;1299.0;A
7243;11042;04/12/1995;217152;36;6032.0;A
6403;6924;05/12/1995;194880;48;4060.0;C
6578;7765;11/12/1995;27984;12;2332.0;A
5413;2227;12/12/1995;92976;24;3874.0;A
6949;9583;12/12/1995;104712;24;4363.0;A
6545;7606;12/12/1995;191880;60;3198.0;C
6178;5742;16/12/1995;232560;48;4845.0;C
5160;1011;18/12/1995;204000;60;3400.0;C
6785;8899;25/12/1995;125340;60;2089.0;C
6540;7562;31/12/1995;309600;48;6450.0;C
6589;7815;01/01/1996;189696;24;7904.0;A
5900;4503;01/01/1996;135360;48;2820.0;C
5999;4907;03/01/1996;98832;48;2059.0;C
6043;5126;11/01/1996;20352;48;424.0;C
5482;2496;12/01/1996;165120;60;2752.0;C
7263;11138;19/01/1996;89880;24;3745.0;A
6013;4995;03/02/1996;128988;36;3583.0;D
5750;3804;08/02/1996;63252;12;5271.0;A
6027;5066;10/02/1996;61656;24;2569.0;B
6303;6400;12/02/1996;72408;24;3017.0;B
7213;10884;13/02/1996;113544;36;3154.0;C
6659;8092;20/02/1996;56100;60;935.0;C
6175;5735;21/02/1996;290700;60;4845.0;D
5610;3112;24/02/1996;123216;48;2567.0;C
5563;2912;29/02/1996;380160;60;6336.0;C
5989;4852;04/03/1996;213300;36;5925.0;C
6698;8327;10/03/1996;247728;48;5161.0;C
5312;1772;13/03/1996;202788;36;5633.0;C
7189;10728;21/03/1996;154656;48;3222.0;C
6816;9017;26/03/1996;100224;48;2088.0;D
6137;5574;10/04/1996;44628;12;3719.0;A
5128;808;11/04/1996;215616;48;4492.0;D
5470;2456;15/04/1996;200976;48;4187.0;C
5593;3037;18/04/1996;277884;36;7719.0;D
5350;1967;21/04/1996;249312;48;5194.0;C
6063;5213;25/04/1996;320976;48;6687.0;D
6501;7418;29/04/1996;30276;12;2523.0;B
5452;2352;29/04/1996;49440;60;824.0;C
4961;19;29/04/1996;30276;12;2523.0;B
4973;67;02/05/1996;165960;24;6915.0;A
6190;5794;06/05/1996;123600;60;2060.0;C
6715;8411;06/05/1996;220620;60;3677.0;C
5892;4462;14/05/1996;66480;24;2770.0;B
6550;7614;18/05/1996;320592;48;6679.0;C
5706;3608;24/05/1996;161496;36;4486.0;C
5148;940;29/05/1996;284280;60;4738.0;C
6734;8547;30/05/1996;173016;36;4806.0;C
6109;5422;03/06/1996;368880;60;6148.0;C
6961;9645;06/06/1996;176148;36;4893.0;C
6810;9006;08/06/1996;186384;48;3883.0;C
5494;2572;13/06/1996;360000;48;7500.0;C
5311;1766;15/06/1996;30060;60;501.0;C
5445;2322;29/06/1996;46320;24;1930.0;A
5301;1698;06/07/1996;141948;36;3943.0;C
7034;10001;11/07/1996;19044;36;529.0;C
6751;8680;14/07/1996;85716;36;2381.0;C
6667;8127;15/07/1996;155880;24;6495.0;A
6130;5541;18/07/1996;32640;48;680.0;C
5429;2268;18/07/1996;20196;36;561.0;C
5725;3679;23/07/1996;444864;48;9268.0;C
6019;5033;25/07/1996;11400;12;950.0;A
6421;6985;25/07/1996;96768;36;2688.0;C
6992;9790;27/07/1996;133968;48;2791.0;C
5136;846;28/07/1996;187104;24;7796.0;A
5337;1886;31/07/1996;162468;36;4513.0;C
5495;2580;02/08/1996;89340;60;1489.0;C
7013;9928;02/08/1996;89340;60;1489.0;C
6012;4994;03/08/1996;258444;36;7179.0;C
6471;7184;04/08/1996;155640;24;6485.0;A
6296;6358;06/08/1996;270384;48;5633.0;C
7305;11359;06/08/1996;54024;12;4502.0;A
6144;5593;09/08/1996;44376;12;3698.0;A
6283;6289;11/08/1996;85632;48;1784.0;C
7246;11054;20/08/1996;148920;60;2482.0;C
5088;544;22/08/1996;91152;24;3798.0;A
5988;4851;22/08/1996;141648;24;5902.0;A
5282;1583;24/08/1996;388512;48;8094.0;D
5938;4650;25/08/1996;402000;60;6700.0;C
5606;3084;28/08/1996;253512;36;7042.0;D
5385;2143;09/09/1996;71460;36;1985.0;C
6865;9199;11/09/1996;29448;12;2454.0;B
5586;2994;14/09/1996;48744;36;1354.0;C
6302;6397;16/09/1996;181020;60;3017.0;C
7194;10762;17/09/1996;68832;36;1912.0;C
6461;7136;19/09/1996;74124;36;2059.0;C
6732;8533;19/09/1996;174048;48;3626.0;C
6613;7926;22/09/1996;84120;24;3505.0;A
7036;10019;25/09/1996;194940;36;5415.0;C
5897;4476;25/09/1996;15192;24;633.0;A
6995;9814;26/09/1996;96168;12;8014.0;A
5415;2236;26/09/1996;139464;36;3874.0;D
7136;10436;28/09/1996;54396;36;1511.0;C
7271;11186;02/10/1996;392460;60;6541.0;C
5375;2106;03/10/1996;101520;12;8460.0;A
5635;3230;04/10/1996;77184;36;2144.0;C
6817;9024;04/10/1996;70656;48;1472.0;C
5923;4585;10/10/1996;64656;48;1347.0;C
5329;1862;16/10/1996;396120;60;6602.0;C
6644;8039;20/10/1996;93600;24;3900.0;A
6354;6688;23/10/1996;22968;36;638.0;C
5082;501;24/10/1996;262980;60;4383.0;C
6585;7795;29/10/1996;372120;60;6202.0;C
6921;9422;29/10/1996;86184;12;7182.0;A
5366;2062;29/10/1996;86184;12;7182.0;A
5886;4447;31/10/1996;192744;36;5354.0;C
5741;3754;03/11/1996;68544;24;2856.0;A
4996;132;06/11/1996;88440;12;7370.0;A
6015;5001;09/11/1996;110112;24;4588.0;A
6309;6434;11/11/1996;110136;24;4589.0;A
6073;5263;12/11/1996;276300;60;4605.0;C
6006;4948;15/11/1996;359760;60;5996.0;C
5611;3115;15/11/1996;321180;60;5353.0;C
6944;9548;15/11/1996;46176;48;962.0;C
7101;10297;18/11/1996;421008;48;8771.0;C
6599;7859;19/11/1996;72120;12;6010.0;A
6940;9510;22/11/1996;228276;36;6341.0;C
5209;1250;25/11/1996;182640;48;3805.0;C
5388;2153;28/11/1996;61560;12;5130.0;A
6011;4981;28/11/1996;179328;48;3736.0;C
5591;3021;04/12/1996;155616;48;3242.0;C
7154;10520;05/12/1996;417600;60;6960.0;C
7130;10411;11/12/1996;123408;24;5142.0;A
6818;9030;12/12/1996;155616;48;3242.0;C
5625;3189;15/12/1996;222180;60;3703.0;D
6805;8972;21/12/1996;45024;48;938.0;C
7233;10963;25/12/1996;115812;36;3217.0;C
7308;11362;27/12/1996;129408;24;5392.0;A
5895;4473;03/01/1997;93960;60;1566.0;C
7122;10365;04/01/1997;260640;36;7240.0;D
6173;5724;08/01/1997;232560;48;4845.0;C
6142;5591;21/01/1997;221880;60;3698.0;C
5358;2018;21/01/1997;38520;12;3210.0;A
6095;5358;24/01/1997;68340;60;1139.0;C
6878;9242;24/01/1997;23184;12;1932.0;A
6554;7637;29/01/1997;390096;48;8127.0;C
6793;8931;30/01/1997;186300;60;3105.0;C
7286;11271;31/01/1997;67320;36;1870.0;C
6076;5269;02/02/1997;117420;60;1957.0;C
5134;825;02/02/1997;53076;12;4423.0;A
5419;2246;05/02/1997;415800;60;6930.0;C
6255;6158;08/02/1997;247920;48;5165.0;D
5656;3353;09/02/1997;146064;24;6086.0;C
6934;9494;09/02/1997;116832;12;9736.0;A
6028;5072;09/02/1997;317520;60;5292.0;C
6490;7262;10/02/1997;73260;60;1221.0;C
6415;6950;12/02/1997;475680;48;9910.0;C
7087;10215;20/02/1997;44304;24;1846.0;C
5420;2247;24/02/1997;72504;24;3021.0;C
5977;4803;25/02/1997;59136;48;1232.0;C
6824;9052;26/02/1997;71976;24;2999.0;D
5207;1244;28/02/1997;35904;48;748.0;C
7115;10351;04/03/1997;88704;48;1848.0;C
7250;11069;04/03/1997;119136;48;2482.0;C
6010;4969;06/03/1997;150180;60;2503.0;C
6088;5317;07/03/1997;90180;36;2505.0;C
5682;3455;07/03/1997;67464;12;5622.0;A
7201;10807;07/03/1997;67464;12;5622.0;A
6938;9504;10/03/1997;341280;60;5688.0;C
6875;9235;13/03/1997;83280;48;1735.0;C
5953;4715;14/03/1997;97176;24;4049.0;C
5942;4681;15/03/1997;162624;48;3388.0;C
5382;2134;17/03/1997;22932;36;637.0;C
6377;6792;17/03/1997;17184;12;1432.0;A
5931;4618;17/03/1997;66696;24;2779.0;D
5992;4863;18/03/1997;76080;12;6340.0;A
5790;4033;20/03/1997;84288;48;1756.0;C
6753;8688;20/03/1997;67980;12;5665.0;A
6562;7674;21/03/1997;94488;24;3937.0;C
7046;10049;28/03/1997;91632;12;7636.0;A
5868;4361;29/03/1997;90156;12;7513.0;A
5784;3967;29/03/1997;84600;36;2350.0;D
5878;4415;01/04/1997;74040;12;6170.0;A
5110;675;01/04/1997;102240;60;1704.0;C
5210;1252;01/04/1997;148140;36;4115.0;C
7230;10954;02/04/1997;18720;60;312.0;C
5005;176;10/04/1997;27456;12;2288.0;A
6871;9225;13/04/1997;164256;48;3422.0;C
5363;2051;22/04/1997;293880;60;4898.0;D
7253;11079;26/04/1997;98304;12;8192.0;A
6055;5181;28/04/1997;399120;60;6652.0;C
5072;472;28/04/1997;196800;24;8200.0;D
6913;9377;29/04/1997;99936;24;4164.0;C
6386;6856;30/04/1997;124344;36;3454.0;C
5634;3229;01/05/1997;39024;12;3252.0;A
5758;3859;02/05/1997;307200;60;5120.0;D
6819;9031;03/05/1997;50112;24;2088.0;C
7088;10233;03/05/1997;239160;60;3986.0;C
5039;314;03/05/1997;66840;24;2785.0;C
5532;2754;04/05/1997;335280;48;6985.0;C
6037;5118;04/05/1997;53232;48;1109.0;C
6322;6510;06/05/1997;76992;24;3208.0;C
6887;9263;08/05/1997;39576;12;3298.0;A
6660;8094;09/05/1997;220428;36;6123.0;C
5451;2350;11/05/1997;159744;48;3328.0;C
6014;4999;18/05/1997;165168;36;4588.0;C
5556;2872;19/05/1997;268320;60;4472.0;C
6346;6649;22/05/1997;100260;60;1671.0;C
5850;4293;22/05/1997;164196;36;4561.0;C
5940;4660;28/05/1997;106944;24;4456.0;C
7119;10361;02/06/1997;86880;12;7240.0;A
5253;1447;03/06/1997;100080;48;2085.0;C
6851;9138;03/06/1997;272220;60;4537.0;D
6695;8320;04/06/1997;309660;60;5161.0;C
6908;9353;08/06/1997;188616;24;7859.0;C
7255;11096;09/06/1997;213300;60;3555.0;C
5674;3418;10/06/1997;207264;48;4318.0;C
6278;6265;10/06/1997;87360;24;3640.0;C
5486;2516;13/06/1997;466608;48;9721.0;C
5174;1093;13/06/1997;385104;48;8023.0;C
6621;7957;14/06/1997;42900;12;3575.0;A
6313;6461;15/06/1997;150912;36;4192.0;C
6435;7045;16/06/1997;288720;48;6015.0;C
6970;9677;17/06/1997;31620;60;527.0;C
6310;6440;17/06/1997;34572;12;2881.0;A
5932;4626;18/06/1997;33348;12;2779.0;A
6877;9241;19/06/1997;285240;60;4754.0;C
6763;8772;19/06/1997;88272;48;1839.0;C
7085;10202;19/06/1997;305424;48;6363.0;C
7049;10063;24/06/1997;233424;36;6484.0;C
6959;9633;30/06/1997;59448;24;2477.0;D
5214;1270;01/07/1997;74772;36;2077.0;C
6350;6678;09/07/1997;294384;48;6133.0;C
5063;442;10/07/1997;357840;48;7455.0;D
5041;319;11/07/1997;369000;60;6150.0;C
5086;525;16/07/1997;210384;48;4383.0;C
6942;9513;16/07/1997;18324;12;1527.0;A
5270;1528;21/07/1997;191088;48;3981.0;C
6705;8381;25/07/1997;333648;48;6951.0;D
7051;10068;28/07/1997;77808;12;6484.0;A
6758;8742;29/07/1997;33144;12;2762.0;A
6249;6138;30/07/1997;67608;24;2817.0;C
5808;4099;31/07/1997;41856;48;872.0;C
5377;2116;04/08/1997;92400;12;7700.0;A
5446;2334;04/08/1997;48312;24;2013.0;C
5856;4320;09/08/1997;51360;12;4280.0;B
4986;97;10/08/1997;102876;12;8573.0;A
7001;9859;10/08/1997;300600;60;5010.0;C
6677;8169;12/08/1997;97980;60;1633.0;C
6665;8114;15/08/1997;99300;60;1655.0;C
5817;4127;15/08/1997;100800;24;4200.0;D
6984;9730;15/08/1997;116040;60;1934.0;C
6541;7565;17/08/1997;153504;48;3198.0;C
5117;718;20/08/1997;76944;12;6412.0;A
6097;5362;21/08/1997;202848;48;4226.0;C
5389;2165;22/08/1997;78600;24;3275.0;C
7219;10905;23/08/1997;57120;48;1190.0;C
6338;6592;24/08/1997;390660;60;6511.0;C
6922;9424;26/08/1997;83628;36;2323.0;C
5367;2064;26/08/1997;83628;36;2323.0;C
5638;3249;27/08/1997;68124;12;5677.0;A
5830;4190;28/08/1997;405780;60;6763.0;C
5338;1888;30/08/1997;57360;12;4780.0;B
6007;4949;30/08/1997;289920;48;6040.0;C
6612;7907;31/08/1997;97392;12;8116.0;A
5718;3637;01/09/1997;14028;12;1169.0;A
6104;5395;05/09/1997;158184;36;4394.0;C
5229;1329;06/09/1997;23520;12;1960.0;A
6625;7966;07/09/1997;473280;60;7888.0;D
5206;1242;07/09/1997;128544;24;5356.0;C
5963;4746;07/09/1997;204780;60;3413.0;C
4990;110;08/09/1997;162576;36;4516.0;C
6641;8026;09/09/1997;128268;36;3563.0;C
5369;2080;12/09/1997;214596;36;5961.0;C
6196;5837;14/09/1997;177804;36;4939.0;C
5236;1374;15/09/1997;389136;48;8107.0;C
5719;3664;20/09/1997;271584;48;5658.0;C
5643;3273;21/09/1997;94512;12;7876.0;B
7050;10065;23/09/1997;311232;48;6484.0;C
6355;6699;24/09/1997;127200;48;2650.0;C
6688;8268;26/09/1997;8616;24;359.0;C
6239;6083;28/09/1997;360864;48;7518.0;D
5531;2753;30/09/1997;66432;24;2768.0;C
6113;5445;01/10/1997;78696;36;2186.0;C
7181;10679;02/10/1997;197808;24;8242.0;C
6118;5477;04/10/1997;349392;48;7279.0;C
7264;11141;07/10/1997;44940;12;3745.0;A
5343;1906;08/10/1997;44952;24;1873.0;C
5051;378;11/10/1997;230400;60;3840.0;C
5779;3942;14/10/1997;107352;36;2982.0;C
6605;7890;14/10/1997;79344;48;1653.0;C
6655;8085;17/10/1997;260400;60;4340.0;D
6534;7542;19/10/1997;590820;60;9847.0;C
5681;3448;20/10/1997;68664;24;2861.0;C
6607;7894;21/10/1997;153144;36;4254.0;C
6242;6097;22/10/1997;26208;36;728.0;C
7242;11027;23/10/1997;48096;24;2004.0;C
7277;11231;24/10/1997;89280;12;7440.0;A
6675;8158;01/11/1997;238716;36;6631.0;C
5398;2187;04/11/1997;53472;12;4456.0;A
5956;4725;04/11/1997;168264;36;4674.0;C
5731;3711;05/11/1997;460980;60;7683.0;D
6956;9631;09/11/1997;59448;24;2477.0;C
6437;7052;09/11/1997;63972;36;1777.0;D
5447;2335;12/11/1997;541200;60;9020.0;D
5973;4784;24/11/1997;219456;48;4572.0;C
6075;5267;26/11/1997;129312;24;5388.0;D
5281;1580;27/11/1997;194256;24;8094.0;C
5103;666;28/11/1997;12540;12;1045.0;A
6468;7176;30/11/1997;203940;60;3399.0;C
7209;10857;30/11/1997;385560;60;6426.0;D
5584;2986;06/12/1997;24792;24;1033.0;C
4988;103;06/12/1997;265320;36;7370.0;D
6502;7424;08/12/1997;30276;12;2523.0;A
5651;3329;08/12/1997;19248;12;1604.0;A
4962;25;08/12/1997;30276;12;2523.0;A
5862;4342;09/12/1997;100128;24;4172.0;C
7199;10789;09/12/1997;45768;12;3814.0;A
6727;8505;10/12/1997;42840;12;3570.0;A
7279;11244;11/12/1997;155760;24;6490.0;C
6544;7594;11/12/1997;130464;48;2718.0;C
5933;4631;13/12/1997;87528;24;3647.0;C
6574;7745;20/12/1997;77544;36;2154.0;C
6399;6902;21/12/1997;49320;36;1370.0;C
7187;10711;24/12/1997;24180;60;403.0;C
6353;6686;25/12/1997;116496;24;4854.0;C
5043;339;25/12/1997;468060;60;7801.0;C
5469;2445;26/12/1997;293160;60;4886.0;C
5976;4794;27/12/1997;465504;48;9698.0;D
6059;5196;28/12/1997;79824;12;6652.0;A
5799;4052;28/12/1997;106128;36;2948.0;C
6147;5602;28/12/1997;177504;48;3698.0;C
6254;6157;28/12/1997;247920;48;5165.0;C
7100;10280;31/12/1997;348120;60;5802.0;C
7147;10478;02/01/1998;267600;48;5575.0;C
5909;4550;03/01/1998;61320;60;1022.0;C
7037;10022;03/01/1998;218064;48;4543.0;C
5782;3953;04/01/1998;63576;12;5298.0;C
6237;6075;06/01/1998;407952;48;8499.0;D
6552;7632;08/01/1998;170448;48;3551.0;C
7067;10134;11/01/1998;136368;24;5682.0;C
5320;1819;11/01/1998;143676;36;3991.0;C
5930;4616;12/01/1998;66696;24;2779.0;C
6486;7240;15/01/1998;152160;60;2536.0;C
5245;1407;17/01/1998;125472;24;5228.0;C
6643;8038;18/01/1998;35856;24;1494.0;C
5260;1480;19/01/1998;123300;36;3425.0;C
5569;2936;20/01/1998;504000;60;8400.0;C
7110;10345;21/01/1998;31260;12;2605.0;C
7139;10445;22/01/1998;23412;12;1951.0;C
6791;8926;23/01/1998;566640;60;9444.0;C
5360;2035;25/01/1998;176328;36;4898.0;C
5287;1638;26/01/1998;64224;24;2676.0;C
6553;7636;26/01/1998;42384;12;3532.0;C
7072;10148;27/01/1998;22104;12;1842.0;C
6044;5133;27/01/1998;57060;12;4755.0;C
5332;1869;29/01/1998;37944;36;1054.0;C
6866;9201;05/02/1998;122472;24;5103.0;C
6633;7997;05/02/1998;160656;24;6694.0;C
6926;9455;07/02/1998;374760;60;6246.0;C
6442;7082;08/02/1998;194160;48;4045.0;C
5889;4456;09/02/1998;321240;60;5354.0;C
5765;3875;10/02/1998;153936;24;6414.0;C
5124;785;12/02/1998;156096;36;4336.0;C
5491;2545;13/02/1998;428784;48;8933.0;C
6730;8523;15/02/1998;93036;12;7753.0;C
7151;10493;18/02/1998;133800;24;5575.0;C
5140;873;24/02/1998;178500;60;2975.0;C
7171;10650;24/02/1998;196224;48;4088.0;C
6568;7713;25/02/1998;220440;60;3674.0;C
6861;9179;28/02/1998;215040;60;3584.0;C
6855;9153;01/03/1998;52236;36;1451.0;C
7129;10404;01/03/1998;194280;60;3238.0;C
5384;2142;07/03/1998;23328;12;1944.0;C
6859;9167;07/03/1998;272220;60;4537.0;C
5772;3906;08/03/1998;334620;60;5577.0;C
5665;3390;11/03/1998;40632;12;3386.0;C
6495;7274;12/03/1998;49044;12;4087.0;C
5061;440;13/03/1998;84288;48;1756.0;C
6948;9560;15/03/1998;157068;36;4363.0;C
5773;3907;16/03/1998;133848;24;5577.0;C
6052;5164;23/03/1998;22356;36;621.0;C
6682;8225;30/03/1998;36204;12;3017.0;D
6083;5305;31/03/1998;240528;48;5011.0;C
6962;9646;02/04/1998;279072;48;5814.0;C
5158;1004;11/04/1998;188532;36;5237.0;C
6464;7156;16/04/1998;49488;24;2062.0;C
5172;1083;16/04/1998;50976;36;1416.0;C
5582;2982;17/04/1998;41256;12;3438.0;C
6136;5572;19/04/1998;140880;60;2348.0;C
6235;6062;19/04/1998;321360;60;5356.0;C
6508;7437;19/04/1998;110736;48;2307.0;C
4968;38;19/04/1998;110736;48;2307.0;C
6632;7990;23/04/1998;144960;48;3020.0;C
7195;10774;23/04/1998;339168;48;7066.0;C
5525;2720;27/04/1998;93888;36;2608.0;C
6320;6495;28/04/1998;104964;12;8747.0;C
6766;8784;28/04/1998;74352;24;3098.0;C
6872;9227;29/04/1998;191580;60;3193.0;C
5906;4533;05/05/1998;81144;36;2254.0;C
7172;10652;07/05/1998;45720;12;3810.0;C
6571;7733;12/05/1998;140064;24;5836.0;C
5616;3143;15/05/1998;130896;24;5454.0;C
6312;6453;17/05/1998;10944;36;304.0;C
6470;7181;17/05/1998;49872;12;4156.0;C
5147;938;21/05/1998;22260;60;371.0;C
5501;2622;21/05/1998;136344;24;5681.0;C
6436;7049;22/05/1998;495180;60;8253.0;C
5699;3562;24/05/1998;174960;24;7290.0;C
5313;1776;27/05/1998;43200;24;1800.0;C
6234;6061;28/05/1998;5148;12;429.0;C
6569;7721;28/05/1998;45456;12;3788.0;C
7202;10812;29/05/1998;140688;48;2931.0;C
5683;3460;29/05/1998;140688;48;2931.0;C
5034;303;30/05/1998;112752;36;3132.0;C
5435;2279;01/06/1998;314688;48;6556.0;C
5815;4116;03/06/1998;151200;36;4200.0;C
5589;3005;05/06/1998;390000;48;8125.0;C
6746;8639;06/06/1998;185640;60;3094.0;C
6790;8919;08/06/1998;76104;24;3171.0;C
6857;9159;08/06/1998;69600;48;1450.0;C
6450;7099;10/06/1998;234336;48;4882.0;C
7221;10915;11/06/1998;152460;60;2541.0;C
5527;2728;15/06/1998;156420;60;2607.0;C
5620;3161;16/06/1998;30012;12;2501.0;C
6215;5944;18/06/1998;78720;48;1640.0;C
7167;10644;18/06/1998;269964;36;7499.0;C
5823;4144;21/06/1998;212976;36;5916.0;C
6207;5912;23/06/1998;184620;60;3077.0;C
6932;9491;25/06/1998;225504;48;4698.0;C
5669;3403;27/06/1998;71820;36;1995.0;C
5154;993;01/07/1998;108720;60;1812.0;C
7168;10645;05/07/1998;208332;36;5787.0;C
5585;2988;08/07/1998;88608;12;7384.0;C
7200;10799;11/07/1998;31140;60;519.0;C
6539;7559;11/07/1998;12792;12;1066.0;C
5774;3916;12/07/1998;96984;36;2694.0;C
6357;6706;12/07/1998;64860;60;1081.0;C
5042;330;12/07/1998;331584;48;6908.0;C
5015;226;12/07/1998;109344;12;9112.0;C
5354;2000;14/07/1998;290820;60;4847.0;C
6054;5180;16/07/1998;58764;12;4897.0;C
7295;11328;18/07/1998;280440;60;4674.0;C
5365;2055;19/07/1998;271260;60;4521.0;C
6755;8713;24/07/1998;170700;60;2845.0;C
5991;4858;27/07/1998;335184;48;6983.0;D
7035;10005;29/07/1998;210744;36;5854.0;C
5893;4467;03/08/1998;86184;36;2394.0;C
7164;10613;15/08/1998;249792;48;5204.0;C
5304;1718;20/08/1998;172272;24;7178.0;C
5561;2910;29/08/1998;437460;60;7291.0;C
5520;2699;30/08/1998;231168;48;4816.0;C
5241;1389;02/09/1998;125472;24;5228.0;C
7096;10257;02/09/1998;37812;12;3151.0;C
6078;5283;09/09/1998;170832;48;3559.0;C
5046;349;09/09/1998;42816;12;3568.0;C
5334;1876;10/09/1998;209040;24;8710.0;C
6969;9673;12/09/1998;88200;36;2450.0;C
6821;9037;15/09/1998;321936;48;6707.0;C
5760;3862;18/09/1998;74916;36;2081.0;C
5614;3137;21/09/1998;253560;60;4226.0;C
7091;10243;22/09/1998;113436;36;3151.0;C
5698;3556;22/09/1998;174840;60;2914.0;C
5169;1068;24/09/1998;253200;60;4220.0;C
7294;11327;27/09/1998;39168;24;1632.0;C
5318;1808;30/09/1998;385584;48;8033.0;C
5368;2073;05/10/1998;44640;24;1860.0;C
6923;9433;05/10/1998;44640;24;1860.0;C
5463;2413;06/10/1998;17952;12;1496.0;C
5265;1498;07/10/1998;165780;60;2763.0;C
6321;6505;08/10/1998;38496;12;3208.0;C
5226;1318;11/10/1998;185544;36;5154.0;C
6868;9208;12/10/1998;82128;24;3422.0;C
4967;37;14/10/1998;318480;60;5308.0;D
5293;1656;29/10/1998;189792;48;3954.0;C
5865;4354;30/10/1998;327660;60;5461.0;C
5841;4268;04/11/1998;41988;12;3499.0;C
5526;2725;08/11/1998;69624;36;1934.0;C
6852;9140;10/11/1998;16032;48;334.0;C
6469;7180;17/11/1998;99744;24;4156.0;C
6168;5698;21/11/1998;99216;36;2756.0;C
7292;11317;22/11/1998;317460;60;5291.0;C
5036;309;25/11/1998;91248;48;1901.0;C
5644;3293;27/11/1998;276084;36;7669.0;C
6856;9156;01/12/1998;163332;36;4537.0;C
5428;2262;02/12/1998;230220;36;6395.0;C
5027;276;02/12/1998;160920;36;4470.0;C
4989;105;05/12/1998;352704;48;7348.0;C
5221;1284;05/12/1998;52512;12;4376.0;C
6402;6922;06/12/1998;139488;24;5812.0;C
5346;1928;06/12/1998;55632;24;2318.0;C
6748;8645;08/12/1998;240900;60;4015.0;C
